"","file","object_id","tabular","semantic","definition_list","header_row","header_column","rule_1_violation","rule_2_violation","rule_3_violation","rule_4_violation","violations_sum","violation_present"
"1","1650490-9",18975,FALSE,FALSE,TRUE,FALSE,FALSE,1,0,1,0,2,TRUE
"2","1604753-13",4708,FALSE,FALSE,TRUE,FALSE,FALSE,1,0,1,0,2,TRUE
"3","1605331-13",39514,FALSE,FALSE,TRUE,FALSE,FALSE,1,0,1,0,2,TRUE
"4","1606581-10",2918,FALSE,FALSE,TRUE,FALSE,FALSE,1,0,1,0,2,TRUE
"5","1616665-1",555,FALSE,TRUE,TRUE,FALSE,FALSE,1,1,1,0,3,TRUE
"6","1649097-15",5254,FALSE,FALSE,TRUE,FALSE,FALSE,1,0,1,0,2,TRUE
"7","1637773-3",988,TRUE,FALSE,TRUE,FALSE,FALSE,1,0,0,0,1,TRUE
"8","1648589-0",163,FALSE,TRUE,FALSE,FALSE,FALSE,0,1,1,0,2,TRUE
"9","1636115-3",9913,FALSE,TRUE,TRUE,FALSE,FALSE,1,1,1,0,3,TRUE
"10","1637232-2",4035,TRUE,FALSE,FALSE,TRUE,FALSE,0,0,0,1,1,TRUE
"11","1643743-0",17,FALSE,FALSE,TRUE,FALSE,TRUE,1,0,1,0,2,TRUE
"12","1643901-0",6,FALSE,TRUE,TRUE,FALSE,FALSE,1,1,1,0,3,TRUE
"13","1632094-0",11,TRUE,FALSE,TRUE,FALSE,FALSE,1,0,0,0,1,TRUE
"14","1636613-4",17112,TRUE,FALSE,TRUE,FALSE,FALSE,1,0,0,0,1,TRUE
"15","1636739-1",2231,TRUE,FALSE,TRUE,FALSE,FALSE,1,0,0,0,1,TRUE
"16","1634737-4",2313,FALSE,TRUE,TRUE,FALSE,FALSE,1,1,1,0,3,TRUE
"17","1651924-11",30731,FALSE,FALSE,TRUE,FALSE,FALSE,1,0,1,0,2,TRUE
"18","1648148-5",6428,FALSE,FALSE,TRUE,FALSE,FALSE,1,0,1,0,2,TRUE
"19","1647246-9",3110,FALSE,FALSE,TRUE,FALSE,FALSE,1,0,1,0,2,TRUE
"20","1649529-9",3869,TRUE,FALSE,TRUE,TRUE,FALSE,1,0,0,1,2,TRUE
"21","1635308-4",1229,FALSE,FALSE,TRUE,FALSE,FALSE,1,0,1,0,2,TRUE
"22","1638467-3",697,FALSE,FALSE,TRUE,FALSE,FALSE,1,0,1,0,2,TRUE
"23","1646201-14",4898,TRUE,FALSE,TRUE,FALSE,TRUE,1,0,0,1,2,TRUE
"24","1637644-14",28680,FALSE,FALSE,TRUE,FALSE,FALSE,1,0,1,0,2,TRUE
"25","1651935-2",569,FALSE,FALSE,TRUE,FALSE,FALSE,1,0,1,0,2,TRUE
"26","1641912-0",1040,FALSE,FALSE,TRUE,FALSE,FALSE,1,0,1,0,2,TRUE
"27","1646036-16",10058,FALSE,FALSE,TRUE,FALSE,FALSE,1,0,1,0,2,TRUE
"28","1650178-0",82,FALSE,TRUE,TRUE,FALSE,TRUE,1,1,1,0,3,TRUE
"29","1632437-15",16014,FALSE,TRUE,TRUE,FALSE,TRUE,1,1,1,0,3,TRUE
"30","1649377-4",7674,FALSE,FALSE,TRUE,FALSE,FALSE,1,0,1,0,2,TRUE
"31","1633319-3",4486,FALSE,FALSE,TRUE,FALSE,FALSE,1,0,1,0,2,TRUE
"32","1643048-2",897,FALSE,FALSE,TRUE,FALSE,FALSE,1,0,1,0,2,TRUE
"33","1645996-0",38,FALSE,TRUE,TRUE,FALSE,FALSE,1,1,1,0,3,TRUE
"34","1630623-4",14628,FALSE,FALSE,TRUE,FALSE,FALSE,1,0,1,0,2,TRUE
"35","1642134-8",5316,FALSE,FALSE,TRUE,FALSE,FALSE,1,0,1,0,2,TRUE
"36","1616745-11",19800,FALSE,FALSE,TRUE,FALSE,FALSE,1,0,1,0,2,TRUE
"37","1634226-3",2137,TRUE,FALSE,TRUE,FALSE,FALSE,1,0,0,0,1,TRUE
"38","1633413-5",4414,FALSE,FALSE,TRUE,FALSE,FALSE,1,0,1,0,2,TRUE
"39","1643281-4",8720,FALSE,TRUE,FALSE,FALSE,FALSE,0,1,1,0,2,TRUE
"40","1642442-3",4439,TRUE,FALSE,TRUE,FALSE,FALSE,1,0,0,0,1,TRUE
"41","1638279-9",33155,FALSE,FALSE,TRUE,FALSE,FALSE,1,0,1,0,2,TRUE
"42","1644746-0",378,FALSE,FALSE,TRUE,FALSE,FALSE,1,0,1,0,2,TRUE
"43","1642456-12",26420,TRUE,FALSE,TRUE,TRUE,FALSE,1,0,0,1,2,TRUE
"44","1636989-8",2432,FALSE,TRUE,TRUE,FALSE,FALSE,1,1,1,0,3,TRUE
"45","1639808-9",3092,FALSE,FALSE,TRUE,FALSE,FALSE,1,0,1,0,2,TRUE
"46","1642775-9",32840,FALSE,FALSE,TRUE,FALSE,FALSE,1,0,1,0,2,TRUE
"47","1638392-13",69746,FALSE,TRUE,TRUE,FALSE,FALSE,1,1,1,0,3,TRUE
"48","1647964-7",1306,FALSE,TRUE,TRUE,FALSE,FALSE,1,1,1,0,3,TRUE
"49","1646657-7",4795,TRUE,FALSE,TRUE,FALSE,FALSE,1,0,0,0,1,TRUE
"50","1635100-5",11185,FALSE,TRUE,TRUE,FALSE,FALSE,1,1,1,0,3,TRUE
"51","1634815-9",8855,FALSE,FALSE,TRUE,FALSE,FALSE,1,0,1,0,2,TRUE
"52","1646451-0",78,FALSE,TRUE,TRUE,FALSE,FALSE,1,1,1,0,3,TRUE
"53","1632088-4",7038,FALSE,FALSE,TRUE,FALSE,FALSE,1,0,1,0,2,TRUE
"54","1643669-0",316,FALSE,FALSE,TRUE,FALSE,FALSE,1,0,1,0,2,TRUE
"55","1646704-2",5711,FALSE,TRUE,TRUE,FALSE,FALSE,1,1,1,0,3,TRUE
"56","1635842-0",206,FALSE,TRUE,TRUE,FALSE,TRUE,1,1,1,0,3,TRUE
"57","1648988-8",615,FALSE,FALSE,TRUE,FALSE,FALSE,1,0,1,0,2,TRUE
"58","1648709-4",2980,TRUE,FALSE,TRUE,FALSE,FALSE,1,0,0,0,1,TRUE
"59","1637874-6",22438,FALSE,TRUE,TRUE,FALSE,FALSE,1,1,1,0,3,TRUE
"60","1638467-3",759,FALSE,FALSE,TRUE,FALSE,FALSE,1,0,1,0,2,TRUE
"61","1646201-11",3836,TRUE,FALSE,TRUE,FALSE,TRUE,1,0,0,1,2,TRUE
"62","1641994-2",674,FALSE,TRUE,TRUE,FALSE,FALSE,1,1,1,0,3,TRUE
"63","1621809-2",2579,TRUE,FALSE,TRUE,FALSE,FALSE,1,0,0,0,1,TRUE
"64","1648827-1",2371,FALSE,TRUE,TRUE,FALSE,FALSE,1,1,1,0,3,TRUE
"65","1641578-0",126,FALSE,FALSE,TRUE,FALSE,FALSE,1,0,1,0,2,TRUE
"66","1636247-3",5197,FALSE,TRUE,TRUE,FALSE,FALSE,1,1,1,0,3,TRUE
"67","1637735-3",6448,TRUE,FALSE,TRUE,TRUE,FALSE,1,0,0,1,2,TRUE
"68","1637258-4",1135,TRUE,FALSE,FALSE,TRUE,FALSE,0,0,0,1,1,TRUE
"69","1640322-3",10090,TRUE,FALSE,FALSE,TRUE,TRUE,0,0,0,1,1,TRUE
"70","1647189-12",20537,FALSE,FALSE,TRUE,FALSE,TRUE,1,0,1,0,2,TRUE
"71","1634760-2",1097,FALSE,TRUE,TRUE,FALSE,FALSE,1,1,1,0,3,TRUE
"72","1632821-3",639,FALSE,FALSE,TRUE,FALSE,FALSE,1,0,1,0,2,TRUE
"73","1638290-4",1547,FALSE,FALSE,TRUE,FALSE,FALSE,1,0,1,0,2,TRUE
"74","1651233-11",31836,TRUE,FALSE,TRUE,FALSE,FALSE,1,0,0,0,1,TRUE
"75","1625367-12",48400,FALSE,TRUE,TRUE,FALSE,FALSE,1,1,1,0,3,TRUE
"76","1651935-3",853,FALSE,FALSE,TRUE,FALSE,FALSE,1,0,1,0,2,TRUE
"77","1650043-11",86199,TRUE,FALSE,TRUE,FALSE,FALSE,1,0,0,0,1,TRUE
"78","1642331-11",15317,FALSE,FALSE,TRUE,FALSE,FALSE,1,0,1,0,2,TRUE
"79","1637700-0",94,FALSE,FALSE,TRUE,FALSE,FALSE,1,0,1,0,2,TRUE
"80","1637839-3",13253,TRUE,FALSE,TRUE,FALSE,FALSE,1,0,0,0,1,TRUE
"81","1645784-3",3642,TRUE,FALSE,TRUE,FALSE,TRUE,1,0,0,1,2,TRUE
"82","1629429-2",5440,FALSE,FALSE,TRUE,FALSE,FALSE,1,0,1,0,2,TRUE
"83","1637281-0",2126,FALSE,FALSE,TRUE,FALSE,FALSE,1,0,1,0,2,TRUE
"84","1636189-0",145,FALSE,TRUE,FALSE,FALSE,FALSE,0,1,1,0,2,TRUE
"85","1651208-0",87,FALSE,TRUE,TRUE,FALSE,FALSE,1,1,1,0,3,TRUE
"86","1647358-0",189,FALSE,TRUE,TRUE,FALSE,FALSE,1,1,1,0,3,TRUE
"87","1638349-1",298,FALSE,FALSE,TRUE,FALSE,FALSE,1,0,1,0,2,TRUE
"88","1637877-6",21199,FALSE,FALSE,TRUE,FALSE,FALSE,1,0,1,0,2,TRUE
"89","1641813-3",944,FALSE,FALSE,TRUE,FALSE,FALSE,1,0,1,0,2,TRUE
"90","1634222-8",1266,FALSE,FALSE,TRUE,FALSE,FALSE,1,0,1,0,2,TRUE
"91","1638364-0",189,FALSE,FALSE,TRUE,FALSE,FALSE,1,0,1,0,2,TRUE
"92","1635388-4",7159,TRUE,FALSE,TRUE,FALSE,FALSE,1,0,0,0,1,TRUE
"93","1642331-9",11287,FALSE,FALSE,TRUE,FALSE,FALSE,1,0,1,0,2,TRUE
"94","1642331-6",7870,FALSE,FALSE,TRUE,FALSE,FALSE,1,0,1,0,2,TRUE
"95","1644478-0",61,TRUE,FALSE,TRUE,FALSE,FALSE,1,0,0,0,1,TRUE
"96","1640929-3",4949,TRUE,FALSE,TRUE,FALSE,FALSE,1,0,0,0,1,TRUE
"97","1595456-15",47095,TRUE,FALSE,FALSE,TRUE,FALSE,0,0,0,1,1,TRUE
"98","1634656-2",5987,TRUE,FALSE,TRUE,FALSE,FALSE,1,0,0,0,1,TRUE
"99","1647248-2",7746,FALSE,FALSE,TRUE,FALSE,FALSE,1,0,1,0,2,TRUE
"100","1638665-1",1385,TRUE,FALSE,TRUE,FALSE,FALSE,1,0,0,0,1,TRUE
"101","1637081-0",142,FALSE,FALSE,TRUE,FALSE,FALSE,1,0,1,0,2,TRUE
"102","1636575-2",1995,FALSE,FALSE,TRUE,FALSE,FALSE,1,0,1,0,2,TRUE
"103","1650267-3",1163,FALSE,FALSE,TRUE,FALSE,FALSE,1,0,1,0,2,TRUE
"104","1645337-0",499,FALSE,TRUE,FALSE,FALSE,FALSE,0,1,1,0,2,TRUE
"105","1636115-3",8570,FALSE,TRUE,TRUE,FALSE,FALSE,1,1,1,0,3,TRUE
"106","1615706-1",183,FALSE,TRUE,TRUE,FALSE,FALSE,1,1,1,0,3,TRUE
"107","1614227-2",481,FALSE,TRUE,TRUE,FALSE,FALSE,1,1,1,0,3,TRUE
"108","1645435-0",215,FALSE,FALSE,TRUE,FALSE,FALSE,1,0,1,0,2,TRUE
"109","1640580-8",16517,FALSE,FALSE,TRUE,FALSE,FALSE,1,0,1,0,2,TRUE
"110","1635090-8",4509,TRUE,FALSE,TRUE,FALSE,FALSE,1,0,0,0,1,TRUE
"111","1643319-2",2567,TRUE,FALSE,TRUE,FALSE,FALSE,1,0,0,0,1,TRUE
"112","1638467-2",538,TRUE,FALSE,TRUE,FALSE,FALSE,1,0,0,0,1,TRUE
"113","1646244-10",5096,TRUE,FALSE,TRUE,FALSE,FALSE,1,0,0,0,1,TRUE
"114","1637982-0",2477,FALSE,TRUE,TRUE,FALSE,FALSE,1,1,1,0,3,TRUE
"115","1641320-2",680,FALSE,FALSE,TRUE,FALSE,FALSE,1,0,1,0,2,TRUE
"116","1637750-8",16132,FALSE,TRUE,TRUE,FALSE,TRUE,1,1,1,0,3,TRUE
"117","1648047-4",1246,FALSE,TRUE,FALSE,FALSE,FALSE,0,1,1,0,2,TRUE
"118","1650021-2",2564,FALSE,FALSE,TRUE,FALSE,FALSE,1,0,1,0,2,TRUE
"119","1634222-7",1238,FALSE,FALSE,TRUE,FALSE,FALSE,1,0,1,0,2,TRUE
"120","1637357-1",900,TRUE,FALSE,TRUE,FALSE,TRUE,1,0,0,1,2,TRUE
"121","1636185-2",587,TRUE,FALSE,TRUE,FALSE,FALSE,1,0,0,0,1,TRUE
"122","1635246-8",599,TRUE,FALSE,TRUE,FALSE,FALSE,1,0,0,0,1,TRUE
"123","1639307-3",2295,FALSE,FALSE,TRUE,FALSE,FALSE,1,0,1,0,2,TRUE
"124","1637492-8",21026,FALSE,FALSE,TRUE,FALSE,TRUE,1,0,1,0,2,TRUE
"125","1649578-0",20,FALSE,TRUE,TRUE,FALSE,FALSE,1,1,1,0,3,TRUE
"126","1637400-3",7818,TRUE,FALSE,TRUE,FALSE,FALSE,1,0,0,0,1,TRUE
"127","1651037-0",399,FALSE,TRUE,FALSE,FALSE,FALSE,0,1,1,0,2,TRUE
"128","1645498-6",2335,FALSE,FALSE,TRUE,FALSE,FALSE,1,0,1,0,2,TRUE
"129","1637492-4",11670,FALSE,FALSE,TRUE,FALSE,FALSE,1,0,1,0,2,TRUE
"130","1650704-0",68,FALSE,TRUE,FALSE,FALSE,FALSE,0,1,1,0,2,TRUE
"131","1647964-7",1371,TRUE,FALSE,TRUE,FALSE,FALSE,1,0,0,0,1,TRUE
"132","1639470-4",9361,TRUE,FALSE,TRUE,TRUE,FALSE,1,0,0,1,2,TRUE
"133","1635805-5",13559,FALSE,FALSE,TRUE,FALSE,FALSE,1,0,1,0,2,TRUE
"134","1644200-0",1432,FALSE,TRUE,TRUE,FALSE,FALSE,1,1,1,0,3,TRUE
"135","1641669-0",204,TRUE,FALSE,TRUE,FALSE,FALSE,1,0,0,0,1,TRUE
"136","1650903-7",1185,FALSE,TRUE,TRUE,FALSE,FALSE,1,1,1,0,3,TRUE
"137","1640548-2",576,TRUE,FALSE,TRUE,FALSE,FALSE,1,0,0,0,1,TRUE
"138","1639226-0",17,FALSE,FALSE,TRUE,FALSE,FALSE,1,0,1,0,2,TRUE
"139","1638710-1",4409,FALSE,FALSE,TRUE,FALSE,FALSE,1,0,1,0,2,TRUE
"140","1645471-2",1063,FALSE,TRUE,TRUE,FALSE,FALSE,1,1,1,0,3,TRUE
"141","1633444-2",579,FALSE,FALSE,TRUE,FALSE,FALSE,1,0,1,0,2,TRUE
"142","1642562-0",56,FALSE,FALSE,TRUE,FALSE,FALSE,1,0,1,0,2,TRUE
"143","1647658-0",64,TRUE,FALSE,TRUE,FALSE,FALSE,1,0,0,0,1,TRUE
"144","1637600-0",51,FALSE,FALSE,TRUE,FALSE,FALSE,1,0,1,0,2,TRUE
"145","1563033-68",240183,TRUE,FALSE,FALSE,FALSE,TRUE,0,0,0,1,1,TRUE
"146","1650167-16",3792,TRUE,FALSE,TRUE,FALSE,FALSE,1,0,0,0,1,TRUE
"147","1648538-2",834,TRUE,FALSE,TRUE,FALSE,FALSE,1,0,0,0,1,TRUE
"148","1561984-1",946,FALSE,TRUE,TRUE,FALSE,FALSE,1,1,1,0,3,TRUE
"149","1647315-7",17234,FALSE,FALSE,TRUE,FALSE,FALSE,1,0,1,0,2,TRUE
"150","1648768-0",164,TRUE,FALSE,TRUE,FALSE,FALSE,1,0,0,0,1,TRUE
"151","1635388-5",8849,FALSE,FALSE,TRUE,FALSE,FALSE,1,0,1,0,2,TRUE
"152","1643281-11",19983,FALSE,TRUE,FALSE,FALSE,FALSE,0,1,1,0,2,TRUE
"153","1637543-1",2778,FALSE,FALSE,TRUE,FALSE,FALSE,1,0,1,0,2,TRUE
"154","1636411-11",3368,FALSE,FALSE,TRUE,FALSE,FALSE,1,0,1,0,2,TRUE
"155","1643945-8",10043,FALSE,TRUE,TRUE,FALSE,FALSE,1,1,1,0,3,TRUE
"156","1638935-0",12,TRUE,FALSE,TRUE,FALSE,FALSE,1,0,0,0,1,TRUE
"157","1583538-17",4517,FALSE,FALSE,TRUE,FALSE,FALSE,1,0,1,0,2,TRUE
"158","1634620-2",3108,FALSE,FALSE,TRUE,FALSE,FALSE,1,0,1,0,2,TRUE
"159","1645881-0",35,FALSE,TRUE,TRUE,FALSE,TRUE,1,1,1,0,3,TRUE
"160","1645815-2",1129,FALSE,TRUE,TRUE,FALSE,FALSE,1,1,1,0,3,TRUE
"161","1635631-0",151,TRUE,FALSE,TRUE,FALSE,FALSE,1,0,0,0,1,TRUE
"162","1606656-0",281,FALSE,TRUE,TRUE,FALSE,FALSE,1,1,1,0,3,TRUE
"163","1645413-2",817,FALSE,FALSE,TRUE,FALSE,FALSE,1,0,1,0,2,TRUE
"164","1561100-27",2264,TRUE,FALSE,TRUE,FALSE,FALSE,1,0,0,0,1,TRUE
"165","1615679-2",1526,FALSE,FALSE,TRUE,FALSE,FALSE,1,0,1,0,2,TRUE
"166","1615757-3",1681,FALSE,FALSE,TRUE,FALSE,FALSE,1,0,1,0,2,TRUE
"167","1614884-0",60,FALSE,FALSE,TRUE,FALSE,FALSE,1,0,1,0,2,TRUE
"168","1615706-7",12625,FALSE,TRUE,TRUE,FALSE,FALSE,1,1,1,0,3,TRUE
"169","1642403-4",3982,FALSE,FALSE,TRUE,FALSE,FALSE,1,0,1,0,2,TRUE
"170","1615706-9",15164,TRUE,FALSE,TRUE,FALSE,FALSE,1,0,0,0,1,TRUE
"171","1635024-0",387,FALSE,TRUE,TRUE,FALSE,FALSE,1,1,1,0,3,TRUE
"172","1635552-0",51,TRUE,FALSE,TRUE,FALSE,FALSE,1,0,0,0,1,TRUE
"173","1639918-4",1671,TRUE,FALSE,TRUE,FALSE,FALSE,1,0,0,0,1,TRUE
"174","1609858-12",1520,FALSE,FALSE,TRUE,FALSE,FALSE,1,0,1,0,2,TRUE
"175","1646913-0",50,TRUE,FALSE,TRUE,FALSE,FALSE,1,0,0,0,1,TRUE
"176","1612085-10",4561,FALSE,FALSE,TRUE,FALSE,FALSE,1,0,1,0,2,TRUE
"177","1633723-0",237,TRUE,FALSE,TRUE,FALSE,FALSE,1,0,0,0,1,TRUE
"178","1647333-0",128,FALSE,FALSE,TRUE,FALSE,FALSE,1,0,1,0,2,TRUE
"179","1639624-4",5886,TRUE,FALSE,TRUE,FALSE,FALSE,1,0,0,0,1,TRUE
"180","1639895-0",865,FALSE,TRUE,TRUE,FALSE,FALSE,1,1,1,0,3,TRUE
"181","1645332-6",11322,FALSE,FALSE,TRUE,FALSE,FALSE,1,0,1,0,2,TRUE
"182","1644004-3",4038,TRUE,FALSE,TRUE,FALSE,FALSE,1,0,0,0,1,TRUE
"183","1636671-8",15093,TRUE,FALSE,FALSE,TRUE,FALSE,0,0,0,1,1,TRUE
"184","1615719-15",47237,TRUE,FALSE,TRUE,FALSE,FALSE,1,0,0,0,1,TRUE
"185","1645545-19",3692,TRUE,FALSE,TRUE,FALSE,FALSE,1,0,0,0,1,TRUE
"186","1641060-4",11600,TRUE,FALSE,TRUE,FALSE,FALSE,1,0,0,0,1,TRUE
"187","1644846-2",2848,TRUE,FALSE,TRUE,TRUE,FALSE,1,0,0,1,2,TRUE
"188","1641264-0",5,FALSE,FALSE,TRUE,FALSE,TRUE,1,0,1,0,2,TRUE
"189","1640881-2",5797,TRUE,FALSE,TRUE,FALSE,FALSE,1,0,0,0,1,TRUE
"190","1639655-0",675,FALSE,FALSE,TRUE,FALSE,FALSE,1,0,1,0,2,TRUE
"191","1649656-0",79,TRUE,FALSE,TRUE,FALSE,FALSE,1,0,0,0,1,TRUE
"192","1640002-7",8532,FALSE,FALSE,TRUE,FALSE,FALSE,1,0,1,0,2,TRUE
"193","1651023-9",21536,TRUE,FALSE,TRUE,FALSE,TRUE,1,0,0,1,2,TRUE
"194","1630759-3",1786,FALSE,TRUE,TRUE,FALSE,FALSE,1,1,1,0,3,TRUE
"195","1632523-11",14084,FALSE,FALSE,TRUE,FALSE,FALSE,1,0,1,0,2,TRUE
"196","1641320-1",612,FALSE,FALSE,TRUE,FALSE,FALSE,1,0,1,0,2,TRUE
"197","1641320-9",2911,FALSE,FALSE,TRUE,FALSE,FALSE,1,0,1,0,2,TRUE
"198","1640582-13",23632,TRUE,FALSE,TRUE,FALSE,TRUE,1,0,0,1,2,TRUE
"199","1643050-7",21708,TRUE,FALSE,TRUE,FALSE,FALSE,1,0,0,0,1,TRUE
"200","1639047-2",551,FALSE,FALSE,TRUE,FALSE,FALSE,1,0,1,0,2,TRUE
"201","1648204-3",2098,TRUE,FALSE,TRUE,TRUE,FALSE,1,0,0,1,2,TRUE
"202","1643072-9",2182,FALSE,FALSE,TRUE,FALSE,FALSE,1,0,1,0,2,TRUE
"203","1634885-10",28111,FALSE,FALSE,TRUE,FALSE,FALSE,1,0,1,0,2,TRUE
"204","1622493-3",555,TRUE,FALSE,TRUE,FALSE,FALSE,1,0,0,0,1,TRUE
"205","1627262-7",12225,FALSE,FALSE,TRUE,FALSE,TRUE,1,0,1,0,2,TRUE
"206","1647144-19",37880,TRUE,FALSE,FALSE,FALSE,TRUE,0,0,0,1,1,TRUE
"207","1641360-0",76,TRUE,FALSE,TRUE,FALSE,FALSE,1,0,0,0,1,TRUE
"208","1640796-13",45092,TRUE,FALSE,TRUE,FALSE,FALSE,1,0,0,0,1,TRUE
"209","1634753-2",1183,FALSE,FALSE,TRUE,FALSE,FALSE,1,0,1,0,2,TRUE
"210","1646580-1",720,TRUE,FALSE,FALSE,TRUE,FALSE,0,0,0,1,1,TRUE
"211","1633772-0",59,FALSE,TRUE,TRUE,FALSE,FALSE,1,1,1,0,3,TRUE
"212","1639904-7",8809,FALSE,FALSE,TRUE,FALSE,FALSE,1,0,1,0,2,TRUE
"213","1630759-2",1191,FALSE,FALSE,TRUE,FALSE,FALSE,1,0,1,0,2,TRUE
"214","1632543-7",11192,FALSE,TRUE,TRUE,FALSE,FALSE,1,1,1,0,3,TRUE
"215","1645090-0",159,TRUE,FALSE,FALSE,TRUE,FALSE,0,0,0,1,1,TRUE
"216","1634144-5",976,FALSE,FALSE,TRUE,FALSE,FALSE,1,0,1,0,2,TRUE
"217","1636706-4",7892,FALSE,FALSE,TRUE,FALSE,FALSE,1,0,1,0,2,TRUE
"218","1628416-3",3778,FALSE,FALSE,TRUE,FALSE,FALSE,1,0,1,0,2,TRUE
"219","1627439-4",14691,TRUE,FALSE,TRUE,FALSE,FALSE,1,0,0,0,1,TRUE
"220","1650067-1",360,FALSE,FALSE,TRUE,FALSE,FALSE,1,0,1,0,2,TRUE
"221","1641320-8",2590,FALSE,FALSE,TRUE,FALSE,FALSE,1,0,1,0,2,TRUE
"222","1639172-0",84,FALSE,FALSE,TRUE,FALSE,FALSE,1,0,1,0,2,TRUE
"223","1648767-11",15121,TRUE,FALSE,TRUE,FALSE,FALSE,1,0,0,0,1,TRUE
"224","1645922-12",3398,FALSE,TRUE,TRUE,FALSE,FALSE,1,1,1,0,3,TRUE
"225","1626984-4",14794,TRUE,FALSE,TRUE,FALSE,FALSE,1,0,0,0,1,TRUE
"226","1632523-8",10055,TRUE,FALSE,FALSE,TRUE,FALSE,0,0,0,1,1,TRUE
"227","1624879-2",263,FALSE,FALSE,TRUE,FALSE,FALSE,1,0,1,0,2,TRUE
"228","1630544-3",15979,TRUE,FALSE,TRUE,FALSE,FALSE,1,0,0,0,1,TRUE
"229","1639905-0",26,FALSE,FALSE,TRUE,FALSE,FALSE,1,0,1,0,2,TRUE
"230","1643945-7",8996,FALSE,TRUE,TRUE,FALSE,FALSE,1,1,1,0,3,TRUE
"231","1636997-13",28400,FALSE,FALSE,TRUE,FALSE,FALSE,1,0,1,0,2,TRUE
"232","1646244-14",6070,TRUE,FALSE,TRUE,TRUE,FALSE,1,0,0,1,2,TRUE
"233","1628788-13",4483,FALSE,FALSE,TRUE,FALSE,FALSE,1,0,1,0,2,TRUE
"234","1639551-15",6042,FALSE,FALSE,TRUE,FALSE,FALSE,1,0,1,0,2,TRUE
"235","1639978-1",153,FALSE,TRUE,TRUE,FALSE,FALSE,1,1,1,0,3,TRUE
"236","1641985-2",4778,FALSE,FALSE,TRUE,FALSE,FALSE,1,0,1,0,2,TRUE
"237","1636613-6",23254,FALSE,TRUE,TRUE,FALSE,FALSE,1,1,1,0,3,TRUE
"238","1643945-7",9323,FALSE,FALSE,TRUE,FALSE,FALSE,1,0,1,0,2,TRUE
"239","1645680-0",186,TRUE,FALSE,TRUE,FALSE,FALSE,1,0,0,0,1,TRUE
"240","1646544-14",2350,TRUE,FALSE,FALSE,TRUE,FALSE,0,0,0,1,1,TRUE
"241","1636236-4",969,FALSE,FALSE,TRUE,FALSE,FALSE,1,0,1,0,2,TRUE
"242","1632543-6",9666,FALSE,TRUE,FALSE,FALSE,FALSE,0,1,1,0,2,TRUE
"243","1637796-1",163,TRUE,FALSE,TRUE,FALSE,FALSE,1,0,0,0,1,TRUE
"244","1640175-17",23506,TRUE,FALSE,TRUE,FALSE,FALSE,1,0,0,0,1,TRUE
"245","1637944-0",205,FALSE,FALSE,TRUE,FALSE,FALSE,1,0,1,0,2,TRUE
"246","1646487-1",2254,TRUE,FALSE,TRUE,FALSE,FALSE,1,0,0,0,1,TRUE
"247","1634247-11",44942,FALSE,FALSE,TRUE,FALSE,FALSE,1,0,1,0,2,TRUE
"248","1644731-0",105,FALSE,TRUE,TRUE,FALSE,FALSE,1,1,1,0,3,TRUE
"249","1633563-11",41346,FALSE,TRUE,TRUE,FALSE,TRUE,1,1,1,0,3,TRUE
"250","1635178-9",23163,FALSE,FALSE,TRUE,FALSE,FALSE,1,0,1,0,2,TRUE
"251","1635390-4",8723,FALSE,TRUE,TRUE,FALSE,FALSE,1,1,1,0,3,TRUE
"252","1639527-0",533,FALSE,FALSE,TRUE,FALSE,FALSE,1,0,1,0,2,TRUE
"253","1634629-9",19510,FALSE,FALSE,TRUE,FALSE,FALSE,1,0,1,0,2,TRUE
"254","1639642-7",6584,FALSE,TRUE,FALSE,TRUE,FALSE,0,1,1,0,2,TRUE
"255","1651362-0",24,FALSE,FALSE,TRUE,FALSE,FALSE,1,0,1,0,2,TRUE
"256","1646578-0",555,TRUE,FALSE,TRUE,FALSE,TRUE,1,0,0,1,2,TRUE
"257","1645542-0",290,FALSE,TRUE,TRUE,FALSE,FALSE,1,1,1,0,3,TRUE
"258","1637798-11",33683,TRUE,FALSE,TRUE,FALSE,FALSE,1,0,0,0,1,TRUE
"259","1636011-5",6833,FALSE,TRUE,TRUE,FALSE,FALSE,1,1,1,0,3,TRUE
"260","1638821-2",3235,FALSE,TRUE,TRUE,FALSE,FALSE,1,1,1,0,3,TRUE
"261","1635565-6",3274,FALSE,TRUE,TRUE,FALSE,FALSE,1,1,1,0,3,TRUE
"262","1642501-14",3098,FALSE,FALSE,TRUE,FALSE,FALSE,1,0,1,0,2,TRUE
"263","1636332-7",1815,FALSE,FALSE,TRUE,FALSE,FALSE,1,0,1,0,2,TRUE
"264","1637359-11",10442,FALSE,FALSE,TRUE,FALSE,FALSE,1,0,1,0,2,TRUE
"265","1642331-7",9332,FALSE,FALSE,TRUE,FALSE,FALSE,1,0,1,0,2,TRUE
"266","1638349-1",110,TRUE,FALSE,TRUE,FALSE,FALSE,1,0,0,0,1,TRUE
"267","1638923-9",23248,FALSE,FALSE,TRUE,FALSE,FALSE,1,0,1,0,2,TRUE
"268","1648378-9",2701,FALSE,TRUE,TRUE,FALSE,FALSE,1,1,1,0,3,TRUE
"269","1637742-1",1956,FALSE,FALSE,TRUE,FALSE,FALSE,1,0,1,0,2,TRUE
"270","1642331-7",9004,FALSE,TRUE,TRUE,FALSE,FALSE,1,1,1,0,3,TRUE
"271","1642352-9",1778,FALSE,TRUE,FALSE,FALSE,FALSE,0,1,1,0,2,TRUE
"272","1644349-13",29602,FALSE,FALSE,TRUE,FALSE,FALSE,1,0,1,0,2,TRUE
"273","1642089-11",18748,TRUE,FALSE,TRUE,TRUE,FALSE,1,0,0,1,2,TRUE
"274","1634705-3",1683,FALSE,TRUE,TRUE,FALSE,FALSE,1,1,1,0,3,TRUE
"275","1645784-6",9032,TRUE,FALSE,TRUE,FALSE,FALSE,1,0,0,0,1,TRUE
"276","1638444-5",1230,FALSE,FALSE,TRUE,FALSE,FALSE,1,0,1,0,2,TRUE
"277","1637258-5",1292,TRUE,FALSE,FALSE,TRUE,FALSE,0,0,0,1,1,TRUE
"278","1637492-10",26957,TRUE,FALSE,TRUE,FALSE,FALSE,1,0,0,0,1,TRUE
"279","1648768-2",550,TRUE,FALSE,TRUE,FALSE,TRUE,1,0,0,1,2,TRUE
"280","1649859-2",3327,TRUE,FALSE,TRUE,FALSE,FALSE,1,0,0,0,1,TRUE
"281","1643250-2",887,FALSE,TRUE,TRUE,FALSE,FALSE,1,1,1,0,3,TRUE
"282","1645922-11",3262,FALSE,TRUE,TRUE,FALSE,FALSE,1,1,1,0,3,TRUE
"283","1648616-8",34417,FALSE,FALSE,TRUE,FALSE,FALSE,1,0,1,0,2,TRUE
"284","1640042-16",27924,FALSE,FALSE,TRUE,FALSE,FALSE,1,0,1,0,2,TRUE
"285","1651778-10",11637,TRUE,FALSE,FALSE,TRUE,FALSE,0,0,0,1,1,TRUE
"286","1638338-2",3806,TRUE,FALSE,TRUE,FALSE,FALSE,1,0,0,0,1,TRUE
"287","1642397-0",28,FALSE,FALSE,TRUE,FALSE,FALSE,1,0,1,0,2,TRUE
"288","1642405-2",2658,FALSE,FALSE,TRUE,FALSE,FALSE,1,0,1,0,2,TRUE
"289","1637492-3",10315,TRUE,FALSE,TRUE,FALSE,FALSE,1,0,0,0,1,TRUE
"290","1647007-12",33735,TRUE,FALSE,TRUE,TRUE,FALSE,1,0,0,1,2,TRUE
"291","1650673-2",420,FALSE,FALSE,TRUE,FALSE,FALSE,1,0,1,0,2,TRUE
"292","1644321-5",1208,FALSE,FALSE,TRUE,FALSE,FALSE,1,0,1,0,2,TRUE
"293","1646241-10",4803,TRUE,FALSE,FALSE,TRUE,FALSE,0,0,0,1,1,TRUE
"294","1650893-6",1648,FALSE,TRUE,TRUE,FALSE,FALSE,1,1,1,0,3,TRUE
"295","1647596-4",1643,FALSE,TRUE,FALSE,FALSE,FALSE,0,1,1,0,2,TRUE
"296","1646244-12",5570,TRUE,FALSE,TRUE,TRUE,FALSE,1,0,0,1,2,TRUE
"297","1648108-12",12679,FALSE,FALSE,TRUE,TRUE,FALSE,1,0,1,0,2,TRUE
"298","1650903-7",1230,FALSE,TRUE,TRUE,FALSE,FALSE,1,1,1,0,3,TRUE
"299","1641813-6",2284,FALSE,FALSE,TRUE,FALSE,FALSE,1,0,1,0,2,TRUE
"300","1649529-11",4661,TRUE,FALSE,FALSE,TRUE,FALSE,0,0,0,1,1,TRUE
"301","1642331-10",14232,FALSE,FALSE,TRUE,FALSE,FALSE,1,0,1,0,2,TRUE
"302","1644688-0",82,TRUE,FALSE,FALSE,TRUE,FALSE,0,0,0,1,1,TRUE
"303","1650866-4",6583,FALSE,TRUE,TRUE,FALSE,FALSE,1,1,1,0,3,TRUE
"304","1644012-3",5930,FALSE,FALSE,TRUE,FALSE,FALSE,1,0,1,0,2,TRUE
"305","1647873-1",723,FALSE,TRUE,TRUE,FALSE,FALSE,1,1,1,0,3,TRUE
"306","1642736-18",26195,TRUE,FALSE,TRUE,FALSE,FALSE,1,0,0,0,1,TRUE
"307","1642331-14",18487,FALSE,FALSE,TRUE,FALSE,FALSE,1,0,1,0,2,TRUE
"308","1642331-8",10047,FALSE,FALSE,TRUE,FALSE,FALSE,1,0,1,0,2,TRUE
"309","1642331-13",17139,FALSE,FALSE,TRUE,FALSE,FALSE,1,0,1,0,2,TRUE
"310","1649438-11",915,FALSE,TRUE,TRUE,FALSE,FALSE,1,1,1,0,3,TRUE
"311","1650411-2",4115,FALSE,TRUE,TRUE,FALSE,FALSE,1,1,1,0,3,TRUE
"312","1643945-2",1315,FALSE,TRUE,TRUE,FALSE,FALSE,1,1,1,0,3,TRUE
"313","1648573-0",124,TRUE,FALSE,TRUE,FALSE,FALSE,1,0,0,0,1,TRUE
"314","1649245-2",2336,FALSE,TRUE,TRUE,FALSE,FALSE,1,1,1,0,3,TRUE
"315","1649241-1",420,TRUE,FALSE,TRUE,FALSE,FALSE,1,0,0,0,1,TRUE
"316","1648354-4",7442,TRUE,FALSE,TRUE,FALSE,FALSE,1,0,0,0,1,TRUE
"317","1651778-16",16897,TRUE,FALSE,FALSE,TRUE,FALSE,0,0,0,1,1,TRUE
"318","1644645-9",25919,TRUE,FALSE,FALSE,TRUE,FALSE,0,0,0,1,1,TRUE
"319","1643963-6",7211,FALSE,FALSE,TRUE,FALSE,FALSE,1,0,1,0,2,TRUE
"320","1649242-2",6551,FALSE,TRUE,TRUE,FALSE,FALSE,1,1,1,0,3,TRUE
"321","1649199-2",754,TRUE,FALSE,TRUE,FALSE,FALSE,1,0,0,0,1,TRUE
"322","1649322-0",514,FALSE,TRUE,TRUE,FALSE,FALSE,1,1,1,0,3,TRUE
"323","1644301-7",5697,TRUE,FALSE,FALSE,TRUE,FALSE,0,0,0,1,1,TRUE
"324","1650985-1",298,FALSE,TRUE,TRUE,FALSE,FALSE,1,1,1,0,3,TRUE
"325","1646267-0",16,FALSE,FALSE,TRUE,FALSE,TRUE,1,0,1,0,2,TRUE
"326","1650736-5",2323,TRUE,FALSE,TRUE,FALSE,FALSE,1,0,0,0,1,TRUE
"327","1648245-4",10899,FALSE,TRUE,FALSE,TRUE,FALSE,0,1,1,0,2,TRUE
"328","1650431-0",530,FALSE,FALSE,TRUE,FALSE,FALSE,1,0,1,0,2,TRUE
"329","1644729-0",116,FALSE,TRUE,TRUE,FALSE,FALSE,1,1,1,0,3,TRUE
"330","1650831-0",9,FALSE,FALSE,TRUE,FALSE,FALSE,1,0,1,0,2,TRUE
"331","1644012-7",13961,FALSE,FALSE,TRUE,FALSE,FALSE,1,0,1,0,2,TRUE
"332","1650547-6",3667,FALSE,FALSE,TRUE,FALSE,FALSE,1,0,1,0,2,TRUE
"333","1651647-0",195,FALSE,FALSE,TRUE,FALSE,FALSE,1,0,1,0,2,TRUE
"334","1651884-1",282,FALSE,FALSE,TRUE,FALSE,FALSE,1,0,1,0,2,TRUE
"335","1644305-1",365,TRUE,FALSE,TRUE,FALSE,FALSE,1,0,0,0,1,TRUE
"336","1649735-21",3884,FALSE,FALSE,TRUE,FALSE,FALSE,1,0,1,0,2,TRUE
"337","1643945-3",3538,FALSE,TRUE,TRUE,FALSE,FALSE,1,1,1,0,3,TRUE
"338","1642178-19",15368,TRUE,FALSE,FALSE,TRUE,FALSE,0,0,0,1,1,TRUE
"339","1650868-0",210,FALSE,TRUE,TRUE,FALSE,TRUE,1,1,1,0,3,TRUE
"340","1651796-10",8434,FALSE,FALSE,TRUE,FALSE,FALSE,1,0,1,0,2,TRUE
"341","1648604-2",1441,FALSE,FALSE,TRUE,FALSE,FALSE,1,0,1,0,2,TRUE
"342","1651881-2",2488,FALSE,TRUE,TRUE,FALSE,FALSE,1,1,1,0,3,TRUE
"343","1650736-1",427,TRUE,FALSE,TRUE,FALSE,FALSE,1,0,0,0,1,TRUE
"344","1649363-3",9952,FALSE,FALSE,TRUE,FALSE,FALSE,1,0,1,0,2,TRUE
"345","1562374-56",30680,FALSE,FALSE,TRUE,FALSE,FALSE,1,0,1,0,2,TRUE
"346","1562367-21",51713,FALSE,FALSE,TRUE,FALSE,FALSE,1,0,1,0,2,TRUE
"347","1562725-24",123078,FALSE,FALSE,TRUE,FALSE,FALSE,1,0,1,0,2,TRUE
"348","1562636-6",3448,TRUE,FALSE,TRUE,TRUE,FALSE,1,0,0,1,2,TRUE
"349","1562797-55",124395,TRUE,FALSE,FALSE,TRUE,FALSE,0,0,0,1,1,TRUE
"350","1562848-42",211121,TRUE,FALSE,FALSE,TRUE,FALSE,0,0,0,1,1,TRUE
"351","1562842-130",75267,TRUE,FALSE,TRUE,TRUE,FALSE,1,0,0,1,2,TRUE
"352","1562842-89",51689,TRUE,FALSE,TRUE,TRUE,FALSE,1,0,0,1,2,TRUE
"353","1562842-112",65293,TRUE,FALSE,TRUE,TRUE,FALSE,1,0,0,1,2,TRUE
"354","1562374-38",20427,FALSE,FALSE,TRUE,FALSE,FALSE,1,0,1,0,2,TRUE
"355","1609757-8",24251,FALSE,FALSE,TRUE,FALSE,FALSE,1,0,1,0,2,TRUE
"356","1562918-1",636,TRUE,FALSE,TRUE,TRUE,FALSE,1,0,0,1,2,TRUE
"357","1563130-5",14732,FALSE,FALSE,TRUE,FALSE,TRUE,1,0,1,0,2,TRUE
"358","1563079-0",2539,TRUE,FALSE,TRUE,FALSE,FALSE,1,0,0,0,1,TRUE
"359","1563120-44",31917,TRUE,FALSE,FALSE,TRUE,FALSE,0,0,0,1,1,TRUE
"360","1563130-7",19325,TRUE,FALSE,FALSE,TRUE,FALSE,0,0,0,1,1,TRUE
"361","1563130-9",26274,TRUE,FALSE,FALSE,TRUE,FALSE,0,0,0,1,1,TRUE
"362","1562992-28",101167,TRUE,FALSE,FALSE,TRUE,FALSE,0,0,0,1,1,TRUE
"363","1563143-44",93191,FALSE,FALSE,TRUE,FALSE,FALSE,1,0,1,0,2,TRUE
"364","1563175-75",10295,TRUE,FALSE,FALSE,TRUE,FALSE,0,0,0,1,1,TRUE
"365","1563399-3",4848,TRUE,FALSE,TRUE,TRUE,FALSE,1,0,0,1,2,TRUE
"366","1563452-68",33744,TRUE,FALSE,TRUE,TRUE,FALSE,1,0,0,1,2,TRUE
"367","1563647-16",5494,FALSE,FALSE,TRUE,FALSE,FALSE,1,0,1,0,2,TRUE
"368","1614170-1",5494,FALSE,FALSE,TRUE,FALSE,FALSE,1,0,1,0,2,TRUE
"369","1563871-12",65459,FALSE,FALSE,TRUE,FALSE,FALSE,1,0,1,0,2,TRUE
"370","1563962-15",7411,FALSE,FALSE,TRUE,FALSE,FALSE,1,0,1,0,2,TRUE
"371","1563892-89",85813,FALSE,FALSE,TRUE,FALSE,FALSE,1,0,1,0,2,TRUE
"372","1563958-14",5373,TRUE,FALSE,FALSE,TRUE,TRUE,0,0,0,1,1,TRUE
"373","1563837-22",56750,FALSE,FALSE,TRUE,FALSE,FALSE,1,0,1,0,2,TRUE
"374","1564124-21",2277,TRUE,FALSE,FALSE,TRUE,FALSE,0,0,0,1,1,TRUE
"375","1563871-0",1856,FALSE,FALSE,TRUE,FALSE,FALSE,1,0,1,0,2,TRUE
"376","1564208-88",57294,FALSE,FALSE,TRUE,FALSE,FALSE,1,0,1,0,2,TRUE
"377","1564208-76",51326,FALSE,FALSE,TRUE,FALSE,FALSE,1,0,1,0,2,TRUE
"378","1563934-64",89778,FALSE,FALSE,TRUE,FALSE,FALSE,1,0,1,0,2,TRUE
"379","1564238-7",5336,FALSE,FALSE,TRUE,FALSE,FALSE,1,0,1,0,2,TRUE
"380","1564212-20",19472,TRUE,FALSE,FALSE,TRUE,FALSE,0,0,0,1,1,TRUE
"381","1564609-24",1959,FALSE,FALSE,TRUE,FALSE,FALSE,1,0,1,0,2,TRUE
"382","1564208-86",56404,FALSE,FALSE,TRUE,FALSE,FALSE,1,0,1,0,2,TRUE
"383","1564917-1",3771,FALSE,FALSE,TRUE,FALSE,FALSE,1,0,1,0,2,TRUE
"384","1564633-13",38934,TRUE,FALSE,FALSE,TRUE,TRUE,0,0,0,1,1,TRUE
"385","1564617-46",17237,FALSE,FALSE,TRUE,FALSE,FALSE,1,0,1,0,2,TRUE
"386","1564609-91",7758,FALSE,FALSE,TRUE,FALSE,FALSE,1,0,1,0,2,TRUE
"387","1564692-50",147961,FALSE,FALSE,TRUE,FALSE,FALSE,1,0,1,0,2,TRUE
"388","1565017-34",44773,FALSE,FALSE,TRUE,FALSE,FALSE,1,0,1,0,2,TRUE
"389","1565139-27",9476,FALSE,TRUE,FALSE,FALSE,FALSE,0,1,1,0,2,TRUE
"390","1564692-51",153740,FALSE,FALSE,TRUE,FALSE,FALSE,1,0,1,0,2,TRUE
"391","1565094-47",26071,TRUE,FALSE,TRUE,TRUE,FALSE,1,0,0,1,2,TRUE
"392","1565072-53",45291,FALSE,FALSE,TRUE,FALSE,FALSE,1,0,1,0,2,TRUE
"393","1565072-55",46101,FALSE,FALSE,TRUE,FALSE,FALSE,1,0,1,0,2,TRUE
"394","1565492-2",1975,FALSE,FALSE,TRUE,FALSE,FALSE,1,0,1,0,2,TRUE
"395","1565311-10",35292,FALSE,FALSE,TRUE,FALSE,FALSE,1,0,1,0,2,TRUE
"396","1565535-69",11917,TRUE,FALSE,TRUE,FALSE,TRUE,1,0,0,1,2,TRUE
"397","1565595-46",39739,TRUE,FALSE,FALSE,TRUE,FALSE,0,0,0,1,1,TRUE
"398","1565619-78",54292,FALSE,FALSE,TRUE,TRUE,FALSE,1,0,1,0,2,TRUE
"399","1565671-1",3698,TRUE,FALSE,TRUE,TRUE,TRUE,1,0,0,1,2,TRUE
"400","1565862-13",1554,FALSE,FALSE,TRUE,FALSE,FALSE,1,0,1,0,2,TRUE
"401","1565793-10",2624,FALSE,FALSE,TRUE,FALSE,FALSE,1,0,1,0,2,TRUE
"402","1565983-2",5932,FALSE,FALSE,TRUE,FALSE,FALSE,1,0,1,0,2,TRUE
"403","1565983-13",44467,FALSE,FALSE,TRUE,FALSE,FALSE,1,0,1,0,2,TRUE
"404","1565983-8",25363,TRUE,FALSE,TRUE,FALSE,FALSE,1,0,0,0,1,TRUE
"405","1565720-39",9449,FALSE,FALSE,TRUE,FALSE,TRUE,1,0,1,0,2,TRUE
"406","1565968-65",7018,FALSE,FALSE,TRUE,FALSE,FALSE,1,0,1,0,2,TRUE
"407","1565965-53",33709,TRUE,FALSE,FALSE,TRUE,FALSE,0,0,0,1,1,TRUE
"408","1566111-27",47901,FALSE,FALSE,TRUE,FALSE,FALSE,1,0,1,0,2,TRUE
"409","1566601-17",51452,TRUE,FALSE,FALSE,TRUE,FALSE,0,0,0,1,1,TRUE
"410","1565731-19",50513,FALSE,FALSE,TRUE,FALSE,FALSE,1,0,1,0,2,TRUE
"411","1565896-18",4503,TRUE,FALSE,FALSE,TRUE,FALSE,0,0,0,1,1,TRUE
"412","1565944-62",266222,TRUE,FALSE,TRUE,FALSE,FALSE,1,0,0,0,1,TRUE
"413","1566781-12",3846,TRUE,FALSE,TRUE,TRUE,FALSE,1,0,0,1,2,TRUE
"414","1566949-0",266,TRUE,FALSE,TRUE,TRUE,FALSE,1,0,0,1,2,TRUE
"415","1567460-1",472,FALSE,FALSE,TRUE,FALSE,FALSE,1,0,1,0,2,TRUE
"416","1567609-2",2279,TRUE,FALSE,TRUE,FALSE,FALSE,1,0,0,0,1,TRUE
"417","1567196-23",40770,TRUE,FALSE,FALSE,TRUE,FALSE,0,0,0,1,1,TRUE
"418","1566154-37",15310,TRUE,FALSE,FALSE,TRUE,FALSE,0,0,0,1,1,TRUE
"419","1568198-1",2154,TRUE,FALSE,FALSE,TRUE,FALSE,0,0,0,1,1,TRUE
"420","1568328-5",11186,FALSE,TRUE,TRUE,FALSE,FALSE,1,1,1,0,3,TRUE
"421","1567839-3",5567,TRUE,FALSE,FALSE,TRUE,FALSE,0,0,0,1,1,TRUE
"422","1566875-24",35540,FALSE,FALSE,TRUE,FALSE,FALSE,1,0,1,0,2,TRUE
"423","1567196-24",42750,TRUE,FALSE,FALSE,TRUE,FALSE,0,0,0,1,1,TRUE
"424","1568308-11",46107,FALSE,FALSE,TRUE,FALSE,FALSE,1,0,1,0,2,TRUE
"425","1568896-8",10738,TRUE,FALSE,FALSE,TRUE,FALSE,0,0,0,1,1,TRUE
"426","1568521-3",899,FALSE,FALSE,TRUE,FALSE,FALSE,1,0,1,0,2,TRUE
"427","1567581-8",6218,TRUE,FALSE,TRUE,FALSE,FALSE,1,0,0,0,1,TRUE
"428","1569647-10",2505,FALSE,FALSE,TRUE,FALSE,FALSE,1,0,1,0,2,TRUE
"429","1569586-4",1330,FALSE,FALSE,TRUE,FALSE,FALSE,1,0,1,0,2,TRUE
"430","1569646-1",638,FALSE,FALSE,TRUE,FALSE,FALSE,1,0,1,0,2,TRUE
"431","1569417-13",34560,FALSE,FALSE,TRUE,FALSE,FALSE,1,0,1,0,2,TRUE
"432","1567920-14",15208,TRUE,FALSE,FALSE,TRUE,FALSE,0,0,0,1,1,TRUE
"433","1569586-1",272,FALSE,FALSE,TRUE,FALSE,FALSE,1,0,1,0,2,TRUE
"434","1570083-4",1142,FALSE,FALSE,TRUE,FALSE,FALSE,1,0,1,0,2,TRUE
"435","1568747-2",8488,TRUE,FALSE,TRUE,TRUE,FALSE,1,0,0,1,2,TRUE
"436","1568353-3",5304,FALSE,FALSE,TRUE,FALSE,FALSE,1,0,1,0,2,TRUE
"437","1571072-7",2328,TRUE,FALSE,TRUE,TRUE,FALSE,1,0,0,1,2,TRUE
"438","1570100-10",7020,FALSE,FALSE,TRUE,FALSE,FALSE,1,0,1,0,2,TRUE
"439","1571327-16",30962,TRUE,FALSE,FALSE,TRUE,TRUE,0,0,0,1,1,TRUE
"440","1570805-13",23338,FALSE,FALSE,TRUE,FALSE,FALSE,1,0,1,0,2,TRUE
"441","1572102-10",14218,FALSE,FALSE,TRUE,FALSE,FALSE,1,0,1,0,2,TRUE
"442","1570387-6",9167,TRUE,FALSE,TRUE,TRUE,FALSE,1,0,0,1,2,TRUE
"443","1570118-7",3014,FALSE,FALSE,TRUE,FALSE,FALSE,1,0,1,0,2,TRUE
"444","1570153-7",3424,TRUE,FALSE,FALSE,TRUE,FALSE,0,0,0,1,1,TRUE
"445","1569586-8",2421,FALSE,FALSE,TRUE,FALSE,FALSE,1,0,1,0,2,TRUE
"446","1571848-1",144,TRUE,FALSE,FALSE,TRUE,TRUE,0,0,0,1,1,TRUE
"447","1572482-0",68,FALSE,FALSE,TRUE,FALSE,FALSE,1,0,1,0,2,TRUE
"448","1573324-7",15585,FALSE,FALSE,TRUE,FALSE,FALSE,1,0,1,0,2,TRUE
"449","1573418-8",2503,FALSE,FALSE,TRUE,FALSE,FALSE,1,0,1,0,2,TRUE
"450","1572052-0",247,TRUE,FALSE,FALSE,TRUE,FALSE,0,0,0,1,1,TRUE
"451","1573324-8",16418,FALSE,FALSE,TRUE,FALSE,FALSE,1,0,1,0,2,TRUE
"452","1573580-6",15136,TRUE,FALSE,TRUE,TRUE,TRUE,1,0,0,1,2,TRUE
"453","1570883-12",3126,FALSE,FALSE,TRUE,FALSE,FALSE,1,0,1,0,2,TRUE
"454","1572360-12",32840,TRUE,FALSE,TRUE,FALSE,FALSE,1,0,0,0,1,TRUE
"455","1570058-4",1200,FALSE,FALSE,TRUE,FALSE,FALSE,1,0,1,0,2,TRUE
"456","1570856-3",1982,FALSE,FALSE,TRUE,FALSE,FALSE,1,0,1,0,2,TRUE
"457","1573754-3",19027,TRUE,FALSE,TRUE,FALSE,FALSE,1,0,0,0,1,TRUE
"458","1574060-6",2088,FALSE,FALSE,TRUE,FALSE,FALSE,1,0,1,0,2,TRUE
"459","1573563-9",4654,FALSE,FALSE,TRUE,FALSE,FALSE,1,0,1,0,2,TRUE
"460","1574419-15",20270,FALSE,FALSE,TRUE,FALSE,FALSE,1,0,1,0,2,TRUE
"461","1574345-3",756,FALSE,FALSE,TRUE,FALSE,FALSE,1,0,1,0,2,TRUE
"462","1574415-15",19984,FALSE,FALSE,TRUE,FALSE,FALSE,1,0,1,0,2,TRUE
"463","1574742-3",1312,TRUE,FALSE,FALSE,TRUE,FALSE,0,0,0,1,1,TRUE
"464","1575155-16",33957,FALSE,FALSE,TRUE,FALSE,FALSE,1,0,1,0,2,TRUE
"465","1572220-3",6874,TRUE,FALSE,FALSE,TRUE,FALSE,0,0,0,1,1,TRUE
"466","1574713-6",29653,FALSE,FALSE,TRUE,FALSE,FALSE,1,0,1,0,2,TRUE
"467","1574435-9",1759,FALSE,FALSE,TRUE,FALSE,FALSE,1,0,1,0,2,TRUE
"468","1575394-6",2204,FALSE,FALSE,TRUE,FALSE,FALSE,1,0,1,0,2,TRUE
"469","1575015-3",2995,FALSE,FALSE,TRUE,FALSE,FALSE,1,0,1,0,2,TRUE
"470","1575398-6",1306,FALSE,FALSE,TRUE,FALSE,FALSE,1,0,1,0,2,TRUE
"471","1575458-11",14309,FALSE,FALSE,TRUE,FALSE,FALSE,1,0,1,0,2,TRUE
"472","1575395-5",1445,FALSE,FALSE,TRUE,FALSE,FALSE,1,0,1,0,2,TRUE
"473","1575065-0",38,TRUE,FALSE,TRUE,TRUE,FALSE,1,0,0,1,2,TRUE
"474","1575464-14",19446,FALSE,FALSE,TRUE,FALSE,FALSE,1,0,1,0,2,TRUE
"475","1576042-9",29055,FALSE,FALSE,TRUE,FALSE,FALSE,1,0,1,0,2,TRUE
"476","1574922-4",585,TRUE,FALSE,TRUE,TRUE,FALSE,1,0,0,1,2,TRUE
"477","1576193-0",267,FALSE,FALSE,TRUE,FALSE,FALSE,1,0,1,0,2,TRUE
"478","1574579-17",38187,FALSE,FALSE,TRUE,FALSE,TRUE,1,0,1,0,2,TRUE
"479","1576526-0",129,FALSE,FALSE,TRUE,FALSE,FALSE,1,0,1,0,2,TRUE
"480","1575597-3",980,FALSE,FALSE,TRUE,FALSE,FALSE,1,0,1,0,2,TRUE
"481","1576569-4",985,FALSE,FALSE,TRUE,FALSE,FALSE,1,0,1,0,2,TRUE
"482","1576566-2",522,FALSE,FALSE,TRUE,FALSE,FALSE,1,0,1,0,2,TRUE
"483","1576573-8",1602,FALSE,FALSE,TRUE,FALSE,FALSE,1,0,1,0,2,TRUE
"484","1576565-12",2234,FALSE,FALSE,TRUE,FALSE,FALSE,1,0,1,0,2,TRUE
"485","1576580-17",3037,FALSE,FALSE,TRUE,FALSE,FALSE,1,0,1,0,2,TRUE
"486","1576565-10",1970,FALSE,FALSE,TRUE,FALSE,FALSE,1,0,1,0,2,TRUE
"487","1576575-5",1279,FALSE,FALSE,TRUE,FALSE,FALSE,1,0,1,0,2,TRUE
"488","1576765-2",6431,TRUE,FALSE,TRUE,FALSE,FALSE,1,0,0,0,1,TRUE
"489","1576565-6",1279,FALSE,FALSE,TRUE,FALSE,FALSE,1,0,1,0,2,TRUE
"490","1576569-8",1718,FALSE,FALSE,TRUE,FALSE,FALSE,1,0,1,0,2,TRUE
"491","1576569-8",1759,FALSE,FALSE,TRUE,FALSE,FALSE,1,0,1,0,2,TRUE
"492","1576565-3",727,FALSE,FALSE,TRUE,FALSE,FALSE,1,0,1,0,2,TRUE
"493","1576571-3",615,FALSE,FALSE,TRUE,FALSE,FALSE,1,0,1,0,2,TRUE
"494","1576570-4",899,FALSE,FALSE,TRUE,FALSE,FALSE,1,0,1,0,2,TRUE
"495","1576581-14",2646,FALSE,FALSE,TRUE,FALSE,FALSE,1,0,1,0,2,TRUE
"496","1576866-15",2193,FALSE,FALSE,TRUE,FALSE,FALSE,1,0,1,0,2,TRUE
"497","1576570-3",694,FALSE,FALSE,TRUE,FALSE,FALSE,1,0,1,0,2,TRUE
"498","1576573-7",1474,FALSE,FALSE,TRUE,FALSE,FALSE,1,0,1,0,2,TRUE
"499","1576573-8",1562,FALSE,FALSE,TRUE,FALSE,FALSE,1,0,1,0,2,TRUE
"500","1575847-3",14293,TRUE,FALSE,TRUE,FALSE,FALSE,1,0,0,0,1,TRUE
"501","1576576-12",2672,FALSE,FALSE,TRUE,FALSE,FALSE,1,0,1,0,2,TRUE
"502","1576569-15",3164,FALSE,FALSE,TRUE,FALSE,FALSE,1,0,1,0,2,TRUE
"503","1576565-7",1453,FALSE,FALSE,TRUE,FALSE,FALSE,1,0,1,0,2,TRUE
"504","1576875-10",1808,FALSE,FALSE,TRUE,FALSE,FALSE,1,0,1,0,2,TRUE
"505","1576569-18",3757,FALSE,FALSE,TRUE,FALSE,FALSE,1,0,1,0,2,TRUE
"506","1576579-8",2344,FALSE,FALSE,TRUE,FALSE,FALSE,1,0,1,0,2,TRUE
"507","1576572-10",1934,FALSE,FALSE,TRUE,FALSE,FALSE,1,0,1,0,2,TRUE
"508","1576527-0",55,TRUE,FALSE,TRUE,TRUE,FALSE,1,0,0,1,2,TRUE
"509","1576573-2",580,FALSE,FALSE,TRUE,FALSE,FALSE,1,0,1,0,2,TRUE
"510","1576569-2",699,FALSE,FALSE,TRUE,FALSE,FALSE,1,0,1,0,2,TRUE
"511","1576573-13",2480,FALSE,FALSE,TRUE,FALSE,FALSE,1,0,1,0,2,TRUE
"512","1576870-3",960,FALSE,FALSE,TRUE,FALSE,FALSE,1,0,1,0,2,TRUE
"513","1576838-6",871,FALSE,FALSE,TRUE,FALSE,FALSE,1,0,1,0,2,TRUE
"514","1576566-10",1891,FALSE,FALSE,TRUE,FALSE,FALSE,1,0,1,0,2,TRUE
"515","1575396-12",2279,FALSE,FALSE,TRUE,FALSE,FALSE,1,0,1,0,2,TRUE
"516","1576571-10",1702,FALSE,FALSE,TRUE,FALSE,FALSE,1,0,1,0,2,TRUE
"517","1576577-16",3718,FALSE,FALSE,TRUE,FALSE,FALSE,1,0,1,0,2,TRUE
"518","1576572-6",1251,FALSE,FALSE,TRUE,FALSE,FALSE,1,0,1,0,2,TRUE
"519","1576875-3",585,FALSE,FALSE,TRUE,FALSE,FALSE,1,0,1,0,2,TRUE
"520","1576569-16",3367,FALSE,FALSE,TRUE,FALSE,FALSE,1,0,1,0,2,TRUE
"521","1576893-13",2163,FALSE,FALSE,TRUE,FALSE,FALSE,1,0,1,0,2,TRUE
"522","1576893-11",1850,FALSE,FALSE,TRUE,FALSE,FALSE,1,0,1,0,2,TRUE
"523","1576574-14",2645,FALSE,FALSE,TRUE,FALSE,FALSE,1,0,1,0,2,TRUE
"524","1576911-0",199,FALSE,FALSE,TRUE,FALSE,FALSE,1,0,1,0,2,TRUE
"525","1576576-13",2828,FALSE,FALSE,TRUE,FALSE,FALSE,1,0,1,0,2,TRUE
"526","1576874-4",1058,FALSE,FALSE,TRUE,FALSE,FALSE,1,0,1,0,2,TRUE
"527","1576893-14",2278,FALSE,FALSE,TRUE,FALSE,FALSE,1,0,1,0,2,TRUE
"528","1576878-10",2328,FALSE,FALSE,TRUE,FALSE,FALSE,1,0,1,0,2,TRUE
"529","1577146-10",15356,FALSE,FALSE,TRUE,FALSE,FALSE,1,0,1,0,2,TRUE
"530","1576570-3",671,FALSE,FALSE,TRUE,FALSE,FALSE,1,0,1,0,2,TRUE
"531","1576574-10",1959,FALSE,FALSE,TRUE,FALSE,FALSE,1,0,1,0,2,TRUE
"532","1576880-9",1868,FALSE,FALSE,TRUE,FALSE,FALSE,1,0,1,0,2,TRUE
"533","1576574-12",2307,FALSE,FALSE,TRUE,FALSE,FALSE,1,0,1,0,2,TRUE
"534","1576878-6",1461,FALSE,FALSE,TRUE,FALSE,FALSE,1,0,1,0,2,TRUE
"535","1576580-13",2285,FALSE,FALSE,TRUE,FALSE,FALSE,1,0,1,0,2,TRUE
"536","1576882-6",1668,FALSE,FALSE,TRUE,FALSE,FALSE,1,0,1,0,2,TRUE
"537","1576581-13",2525,FALSE,FALSE,TRUE,FALSE,FALSE,1,0,1,0,2,TRUE
"538","1576746-1",526,FALSE,FALSE,TRUE,FALSE,FALSE,1,0,1,0,2,TRUE
"539","1576878-2",775,FALSE,FALSE,TRUE,FALSE,FALSE,1,0,1,0,2,TRUE
"540","1576868-9",1373,FALSE,FALSE,TRUE,FALSE,FALSE,1,0,1,0,2,TRUE
"541","1577232-2",519,FALSE,FALSE,TRUE,FALSE,FALSE,1,0,1,0,2,TRUE
"542","1577179-9",2208,FALSE,FALSE,TRUE,FALSE,FALSE,1,0,1,0,2,TRUE
"543","1577409-5",1856,FALSE,FALSE,TRUE,FALSE,FALSE,1,0,1,0,2,TRUE
"544","1576870-5",1299,FALSE,FALSE,TRUE,FALSE,FALSE,1,0,1,0,2,TRUE
"545","1576565-16",3108,FALSE,FALSE,TRUE,FALSE,FALSE,1,0,1,0,2,TRUE
"546","1577404-10",3064,FALSE,FALSE,TRUE,FALSE,FALSE,1,0,1,0,2,TRUE
"547","1575895-6",7863,FALSE,FALSE,TRUE,FALSE,FALSE,1,0,1,0,2,TRUE
"548","1576566-1",291,FALSE,FALSE,TRUE,FALSE,FALSE,1,0,1,0,2,TRUE
"549","1576566-13",2447,FALSE,FALSE,TRUE,FALSE,FALSE,1,0,1,0,2,TRUE
"550","1577179-7",1853,FALSE,FALSE,TRUE,FALSE,FALSE,1,0,1,0,2,TRUE
"551","1577360-1",351,TRUE,FALSE,TRUE,FALSE,FALSE,1,0,0,0,1,TRUE
"552","1577374-7",11028,TRUE,FALSE,FALSE,TRUE,FALSE,0,0,0,1,1,TRUE
"553","1577146-2",3406,FALSE,FALSE,TRUE,FALSE,FALSE,1,0,1,0,2,TRUE
"554","1577530-16",1340,FALSE,FALSE,TRUE,FALSE,FALSE,1,0,1,0,2,TRUE
"555","1577748-1",115,TRUE,FALSE,TRUE,TRUE,FALSE,1,0,0,1,2,TRUE
"556","1577179-7",1891,FALSE,FALSE,TRUE,FALSE,FALSE,1,0,1,0,2,TRUE
"557","1577479-14",41131,FALSE,FALSE,TRUE,FALSE,FALSE,1,0,1,0,2,TRUE
"558","1577375-17",58371,TRUE,FALSE,TRUE,TRUE,FALSE,1,0,0,1,2,TRUE
"559","1577404-11",3356,FALSE,FALSE,TRUE,FALSE,FALSE,1,0,1,0,2,TRUE
"560","1577479-1",4095,FALSE,FALSE,TRUE,FALSE,FALSE,1,0,1,0,2,TRUE
"561","1576581-12",2263,FALSE,FALSE,TRUE,FALSE,FALSE,1,0,1,0,2,TRUE
"562","1578166-7",2193,FALSE,FALSE,TRUE,FALSE,FALSE,1,0,1,0,2,TRUE
"563","1578166-7",2300,FALSE,FALSE,TRUE,FALSE,FALSE,1,0,1,0,2,TRUE
"564","1578166-16",4238,FALSE,FALSE,TRUE,FALSE,FALSE,1,0,1,0,2,TRUE
"565","1578154-8",1636,FALSE,FALSE,TRUE,FALSE,FALSE,1,0,1,0,2,TRUE
"566","1578382-0",1053,FALSE,FALSE,TRUE,FALSE,FALSE,1,0,1,0,2,TRUE
"567","1578166-16",4188,FALSE,FALSE,TRUE,FALSE,FALSE,1,0,1,0,2,TRUE
"568","1576569-9",1912,FALSE,FALSE,TRUE,FALSE,FALSE,1,0,1,0,2,TRUE
"569","1576574-15",2871,FALSE,FALSE,TRUE,FALSE,FALSE,1,0,1,0,2,TRUE
"570","1577982-2",325,FALSE,FALSE,TRUE,FALSE,FALSE,1,0,1,0,2,TRUE
"571","1578207-2",1168,FALSE,FALSE,TRUE,FALSE,FALSE,1,0,1,0,2,TRUE
"572","1578154-7",1414,FALSE,FALSE,TRUE,FALSE,FALSE,1,0,1,0,2,TRUE
"573","1577530-12",1005,FALSE,FALSE,TRUE,FALSE,FALSE,1,0,1,0,2,TRUE
"574","1578212-0",4035,FALSE,FALSE,TRUE,FALSE,FALSE,1,0,1,0,2,TRUE
"575","1576875-0",80,FALSE,FALSE,TRUE,FALSE,FALSE,1,0,1,0,2,TRUE
"576","1577479-10",29446,FALSE,FALSE,TRUE,FALSE,FALSE,1,0,1,0,2,TRUE
"577","1578166-9",2530,FALSE,FALSE,TRUE,FALSE,FALSE,1,0,1,0,2,TRUE
"578","1578816-4",17238,TRUE,FALSE,FALSE,TRUE,FALSE,0,0,0,1,1,TRUE
"579","1578493-7",1554,FALSE,FALSE,TRUE,FALSE,FALSE,1,0,1,0,2,TRUE
"580","1579232-7",3049,TRUE,FALSE,FALSE,FALSE,TRUE,0,0,0,1,1,TRUE
"581","1578833-3",10197,FALSE,FALSE,TRUE,FALSE,FALSE,1,0,1,0,2,TRUE
"582","1579210-6",26109,FALSE,FALSE,TRUE,FALSE,FALSE,1,0,1,0,2,TRUE
"583","1579245-2",471,FALSE,FALSE,TRUE,FALSE,FALSE,1,0,1,0,2,TRUE
"584","1579245-4",995,FALSE,FALSE,TRUE,FALSE,FALSE,1,0,1,0,2,TRUE
"585","1579247-9",1487,FALSE,FALSE,TRUE,FALSE,FALSE,1,0,1,0,2,TRUE
"586","1579245-1",392,FALSE,FALSE,TRUE,FALSE,FALSE,1,0,1,0,2,TRUE
"587","1579284-6",970,FALSE,FALSE,TRUE,FALSE,FALSE,1,0,1,0,2,TRUE
"588","1579720-15",37694,TRUE,FALSE,TRUE,TRUE,FALSE,1,0,0,1,2,TRUE
"589","1579035-6",2410,FALSE,FALSE,TRUE,FALSE,FALSE,1,0,1,0,2,TRUE
"590","1579248-7",1349,FALSE,FALSE,TRUE,FALSE,FALSE,1,0,1,0,2,TRUE
"591","1579245-7",1469,FALSE,FALSE,TRUE,FALSE,FALSE,1,0,1,0,2,TRUE
"592","1579753-9",7484,TRUE,FALSE,TRUE,FALSE,FALSE,1,0,0,0,1,TRUE
"593","1579249-10",1171,FALSE,FALSE,TRUE,FALSE,FALSE,1,0,1,0,2,TRUE
"594","1579810-6",1390,FALSE,FALSE,TRUE,FALSE,FALSE,1,0,1,0,2,TRUE
"595","1579249-9",1090,FALSE,FALSE,TRUE,FALSE,FALSE,1,0,1,0,2,TRUE
"596","1579246-3",899,FALSE,FALSE,TRUE,FALSE,FALSE,1,0,1,0,2,TRUE
"597","1579657-4",1197,FALSE,FALSE,TRUE,FALSE,FALSE,1,0,1,0,2,TRUE
"598","1579245-12",2799,FALSE,FALSE,TRUE,FALSE,FALSE,1,0,1,0,2,TRUE
"599","1579753-8",6827,FALSE,FALSE,TRUE,FALSE,FALSE,1,0,1,0,2,TRUE
"600","1580093-11",2418,FALSE,FALSE,TRUE,FALSE,FALSE,1,0,1,0,2,TRUE
"601","1580262-10",2563,FALSE,FALSE,TRUE,FALSE,FALSE,1,0,1,0,2,TRUE
"602","1580577-2",76,TRUE,FALSE,FALSE,TRUE,FALSE,0,0,0,1,1,TRUE
"603","1580262-4",1232,FALSE,FALSE,TRUE,FALSE,FALSE,1,0,1,0,2,TRUE
"604","1580262-5",1475,FALSE,FALSE,TRUE,FALSE,FALSE,1,0,1,0,2,TRUE
"605","1579810-2",594,FALSE,FALSE,TRUE,FALSE,FALSE,1,0,1,0,2,TRUE
"606","1580085-11",32132,FALSE,FALSE,TRUE,FALSE,FALSE,1,0,1,0,2,TRUE
"607","1580095-14",27481,FALSE,FALSE,TRUE,FALSE,FALSE,1,0,1,0,2,TRUE
"608","1580201-6",1879,FALSE,FALSE,TRUE,FALSE,FALSE,1,0,1,0,2,TRUE
"609","1580354-4",16448,TRUE,FALSE,FALSE,TRUE,FALSE,0,0,0,1,1,TRUE
"610","1581031-4",2023,FALSE,FALSE,TRUE,FALSE,FALSE,1,0,1,0,2,TRUE
"611","1580590-5",1803,TRUE,FALSE,FALSE,TRUE,FALSE,0,0,0,1,1,TRUE
"612","1580093-19",4218,FALSE,FALSE,TRUE,FALSE,FALSE,1,0,1,0,2,TRUE
"613","1579246-2",746,FALSE,FALSE,TRUE,FALSE,FALSE,1,0,1,0,2,TRUE
"614","1579657-5",1496,FALSE,FALSE,TRUE,FALSE,FALSE,1,0,1,0,2,TRUE
"615","1580882-0",137,TRUE,FALSE,TRUE,FALSE,FALSE,1,0,0,0,1,TRUE
"616","1581054-15",28744,TRUE,FALSE,TRUE,FALSE,FALSE,1,0,0,0,1,TRUE
"617","1579810-8",1765,FALSE,FALSE,TRUE,FALSE,FALSE,1,0,1,0,2,TRUE
"618","1581280-1",543,FALSE,FALSE,TRUE,FALSE,FALSE,1,0,1,0,2,TRUE
"619","1581090-1",981,TRUE,FALSE,TRUE,TRUE,FALSE,1,0,0,1,2,TRUE
"620","1580256-0",293,TRUE,FALSE,TRUE,FALSE,FALSE,1,0,0,0,1,TRUE
"621","1581524-12",37244,FALSE,FALSE,TRUE,FALSE,FALSE,1,0,1,0,2,TRUE
